,,,,PASSENGER SKD,,,
,,,,Model,Model,Emission,Total
V6242029,STAGE III,EAGLE 1016 BS5 4.2M 4X2 H6E5SD123-165HP(SCR)-CB18 S5.36OD A36 RS120-4.1 SS COWL 235/75R17.5TY [BOGDAN] [SKD] W/O FSM,182,Eagle,1016,BS5,182
V6242032,STAGE III,EAGLE 1016 BS5 4.2M 4X2 H6E5SD123-165HP(SCR)-CB18 S5.36OD A36 RS120-4.1 SS COWL 235/75R17.5TY [UKRAINE] [SKD],96,Eagle,1016,BS5,96
V6242041,STAGE III,OYSTER E4 LHD /160HP /5-36OD GB /RS120- 4.1 / A48 / 235/75R17.5TY / HVAC [SKD] [AC],912,Oyster,,BS4,912
V6242031,STAGE III,OYSTER E3 LHD 160HP-CB18 S5.36OD A48 RS120-4.1 225/75 R17.5TY [AC] [SKD] [GCC RAK],390,Oyster,,BS3,390
V6246001,STAGE II,OYSTER E4 4600WB LHD 160HP CRS ENGINE WITH CB18 FIE SYSTEM / HVAC CHASSIS MOUNTED TM43 AC COMPRESSOR / ZF 5-36 OD GEAR BOX / SPL070 SERIES PROPELLER SHAFT / RS 120 WITH 4.1 RAR / FRONT AXLE - A48 BEAM WITH A36 WHEEL ENDS / ABS WITH ASA / 235/75 R17.5 TUBELESS TYRE FOR UAE MARKET. / SKD KIT,390,Oyster,,BS4,390
V6242214,STAGE III,Oyster 4X2 bus LHD / 4200 WB / H6 167Hp CB18 SCR Euro V / 380 mm diameter clutch / ZF 5S 36 OD GB / Meritor RS 120 RAR 4.10 / A48 / 235/75 R 17.5 tubeless tyre / Multi leaf parabolic suspension / ZF P. STG / ABS / 185L metal fuel tank / BIL retarder / KSA / SASO [SKD],30,Oyster,4 X 2,BS5,30
V6242217,STAGE III,Oyster 4X2 bus LHD / 4200 WB / H6 167Hp CB18 SCR Euro V / 380 mm diameter clutch / ZF 5S 36 OD GB / Meritor RS 120 RAR 4.10 / A48 front axle beam A36 wheel ends / 235/75 R 17.5 tubeless tyre / Multi leaf parabolic suspension / ZF P. STG / ABS / 185L metal fuel tank / QATAR / SKD,360,Oyster,4 X 2,BS5,360
V4156847,STAGE III,222 WB VIKING H6 180HP IL BSIII ENGINE ZF S6.36 SS RS145-5.29 10R20TY [BANGLADESH] [SKD],216,Viking,222,BS3,240
V4156844,STAGE III,222 WB VIKING/ H6 160HP IL BSIII ENGINE /ZF S6.36 ODGB/SS/DANA-5.57/ 10R20TY TBCSO [BANGLADESH] [SKD],624,Viking,222,BS3,648
V6256318,STAGE III,11M FALCON LHD / 5639 WB / H6 225Hp CB28 SCR Euro V / 380 mm diameter clutch / ZF 6S 850 OD GB / Meritor MS 149.6 RAR 6.17 / FA 91 front axle / 11.00R22.5-16 PR tubeless tyre / Multi leaf weveller suspension / ZF P. STG / ABS / 350L metal fuel tank / BIL retarder / KSA / SASO / SKD,216,Falcon,11M,BS5,216
V6256319,STAGE III,11M FALCON 4X2 bus LHD / 5639 WB / H6 225Hp CB28 SCR Euro V / 380 mm diameter clutch / ZF 6S 850 OD GB / Meritor MS 145 RAR 6.17 / FA 90 front axle / 11.00R22.5-16 PR tubeless tyre / Multi leaf weveller suspension / ZF P. STG / ABS / 350L metal fuel tank / QATAR / SKD,816,Falcon,11M,BS5,816
V6256301,STAGE III,222WB FALCON 4X2 H6E4ED132-180HP(EGR)-CB18 S5.36OD FA91 RS145-4.88 WEV-WEV COWL 11R22.5TY [AC] [SKD] [RAK],912,Falcon,222,BS4,1128
V6256809,STAGE III,222WB FALCON 6ETI3UNE-180HP[IL]E3/S5 36/FA91/RS145-4.88/WEV-WEV/COWL/11R22.5TY [AC] [SKD] [RAK],1800,Falcon,222,BS3,1800
V6262302,STAGE I,12M FALCON/250HP E6 /ZF/6S900 FGR 6.34/380 DIA LUK DIAPHRAGM CLUTCH ASSY /SPL 100 SERIES PROPELLER SHAFT /FA91 AXLE/ MS145/RAR 5.57/BRAKE 7 INCH FRONT AND 8 INCH REAR WITH ASA/ABS/ZF STEERING 11R 22.5 TYRE/350L FUEL TANK/WITH EXHAUST BRAKE/DDAC//SKD FOR GCC EXPORTS,1,Falcon,12M,BS6,1
V6262006,STAGE III,12M FALCON 244WB /180HP E3 CB18 /ZF /S5 36 /FA91 AXLE /RS 145 RAR 4-88 [SKD],216,Falcon,12M,BS3,216
V6256307,STAGE III,12M FALCON 244WB /180HP E4 EGR CB18 /ZF /S5 36 /FA91 AXLE /RS 145 RAR 4-88 /11R 22-5TY [SKD] [RAK] [AC],1704,Falcon,12M,BS4,2136
V6245011,STAGE I,ORXY BUS 4x4 LHD 165kW E4 EGR CRS COWL CHASSIS FOR UAE / 4500 WHEELBASE / T150 SERIES PROPELLER SHAFT WITH BELLOW DESIGN / TPMS TIRE PRESSURE MONITIORING SYSTEM / RS145 REAR AXLE WITH DIFFLOCK ARRANGEMENT AND WITH ABS / ASA / 6.17 .1 RATIO FRONT DRIVABLE AXLE WITH S-CAM / ZF LHD POWER STEERING / 14.00 R20 TUBELESS TYRE 4+1 SPARE/ WITHOUT ZF AGB - A0P08500 [SKD],248,ORXY,4 X 4,BS4,248
,0,Total IO Pass SKD,9113,TOTAL PASS SKD,,,9809
,,,,TRUCK SKD,,,
V2539905_WH,STAGE III,ECO1012-3970 WB STRONG H4E4SD95-130HP(CRS)-CB18-EGR CBC BS4 [SKD] [KENYA],12,Ecomet,1012,BS4,12
V2539906,STAGE III,ECO1012 4X2 Haulage RHD / H4 120Hp IL BS3 / 3970 WB / LS 17 FT / Cargo day cab / 8 inch BSK 46 Frame / 330 mm diameter Clutch / ZF 6S OD / Meritor RS120 RAR 5.57 / 3000 Front axle / Shackle suspension / ZF P. STG / 8.25R16-16 PR / Non ABS / Exports / Bangladesh / SKD,36,Ecomet,1012,BS3,36
V2539903_WH,STAGE III,ECO1212 STRONG BS4 3.9M 4X2 H4E4ED95-130HP(EGR)-CB18 S6.36OD FA55 DANA-5.57 SS DCAB w/o tyres [SKD] [13.8 GVW] [SL],24,Ecomet,1212,BS4,24
V2542182,STAGE III,ECO1214 BS3 4.2M 4X2 HA4CTI3K-120HP[IL] S6.36OD FA90 DANA-6.17 SS DCAB 9X20TY [SKD] [BANG],12,Ecomet,1214,BS3,12
V2547575,STAGE III,ECO1214 BS3 4.75M 4X2 H4CTI3KE3-120HPIL(A) S6.36OD FA90 DANA-6.17 SS SCAB 9R20TY [20FT LS] [Bang] [SKD],372,Ecomet,1214,BS3,372
V2547577,STAGE III,ECO1214 BS3 4.75M 4X2 H4CTI3KE3-120HPIL(A) S6.36OD FA90 DANA-6.17 SS DCAB 9R20TY [22FT LS] [Bang] [SKD],24,Ecomet,1214,BS3,24
V2542181,STAGE II,ECO1212 BS3 4X2 / H4 120Hp IL BS3 / 4200 WB / LS 19 FT / Cargo day cab / ZF S6 36 OD / DANA 60SHO RAR 6.17 8.25R20TY [Bang] [SKD],48,Ecomet,1214,BS3,72
V2555501,STAGE III,ECO1214 BS3 5.5M 4X2 H4CTI3KE3-120HPIL(A) S6.36OD FA90 DANA-6.17 SS SCAB 9R20TY [24FT LS] [Garments appln] [Bangladesh] [SKD],204,Ecomet,1214,BS3,228
V2539910_BL,STAGE III,ECO1012 4X2 Haulage RHD / H4 120Hp IL BS3 / 3900 WB / LS 17 FT / Cargo day cab / 8 inch BSK 46 Frame / 330 mm diameter Clutch / ZF 6S OD / Meritor MS120 RAR 5.57 / 3000 Front axle / Shackle suspension / ZF P. STG / 8.25X16-16PR / Non ABS / Exports / Uganda / SKD,12,Ecomet,1012,BS3,12
V2542187_BL,STAGE III,ECO1214 4X2 Haulage RHD / H4 120Hp IL BS3 / 4200 WB / LS 19 FT / Cargo day cab / 8 inch BSK 46 Frame / 330 mm diameter Clutch / ZF 6S OD / DANA 60SHO RAR 6.17 / FA90 / Shackle suspension / Rane P. STG / 9.00X20-16 PR / Non ABS / Exports / Uganda / SKD,12,Ecomet,1214,BS3,12
V2542187_WH,STAGE III,ECOMET 1214 4X2 Haulage RHD / H4 120Hp IL BS3 / 4200 WB / LS 19 FT / Cargo day cab / 8 inch BSK 46 Frame / 330 mm diameter Clutch / ZF 6S OD / DANA 60SHO RAR 6.17 / FA90 / Shackle suspension / Rane P. STG / 9.00X20-16 PR / Non ABS / Exports / Uganda / SKD,24,Ecomet,1214,BS3,24
V2532556_WH,STAGE III,ECO1012 4X2 Haulage / H4 130Hp EGR BS4 engine / LUK 330 mm diameter clutch / ZF 6S OD gear box 6.93 FGR 0.728 OD / Meritor RS 120 rear axle RAR 5.57 / 8.25X16-16 PR / 8-Inch BSK 46 Frame / 3250 WB / LS 14 FT / Cargo 3000 Front axle / ABS Brakes / All shackle type suspension / Cargo day cab / ZF 8043 P. STG / RHD Drive / 200 L metal fuel tank / Exports / Sri Lanka / SKD,24,Ecomet,1012,BS4,24
V2542188_WH,STAGE III,ECO1012 4X2 Haulage / H4 130Hp EGR BS4 engine / LUK 330 mm diameter clutch / ZF 6S OD gear box 6.93 FGR 0.728 OD / Meritor RS 120 rear axle RAR 5.57 / 8.25X16-16 PR / 8-Inch BSK 46 Frame / 4200 WB / LS 19 FT / Cargo 3000 Front axle / ABS Brakes / All shackle type suspension / Cargo day cab / ZF 8043 P. STG / RHD Drive / 200 L metal fuel tank / Exports / Sri Lanka / SKD,24,Ecomet,1012,BS4,24
V2539911_WH,STAGE III,ECOMET 1012 4X2 Haulage / H4 130Hp EGR BS4 engine / LUK 330 mm diameter clutch / ZF 6S OD gear box 6.93 FGR 0.728 OD / Meritor RS 120 rear axle RAR 5.57 / 8.25X16-16 PR / 8-Inch BSK 46 Frame / 3970 WB / LS 17 FT / Cargo 3000 Front axle / ABS Brakes / All shackle type suspension / Cargo day cab / ZF 8043 P. STG / RHD Drive / 200 L metal fuel tank / Exports / Sri Lanka / SKD,12,Ecomet,1012,BS4,12
V6547071,STAGE III,Cargo 1616 4X2 / H6 160Hp IL BS3 / 4700 WB / LS 20 FT / SCAB / ZF S6 36 DD / MS149.7-6.17 / FA90 / SS /10R20TY [SKD] [Bang],120,Cargo,1616,BS3,120
V6553403,STAGE III,Cargo 1616 4X2 BS3 H6ETI3KE3-160HPIL / 5334 WB / LS 24 FT / SCAB / ZF S6 36 DD / MS149.7-6.17 / FA90 / SS /10R20TY [SKD] [Bang],360,Cargo,1616,BS3,400
V6554018_WH,STAGE III,"1618/3C BS4 210"" 4X2 H6E4ED132-180HP(EGR)-CB18 S6.36 FA90 MR148-4.88/DANA4.88 SS SCAB 10X20TY SKD [SL]",60,Cargo,1618/3C,BS4,60
V6547067_WH,STAGE III,"1618/2C BS4 185"" 4X2 H6E4ED132-180HP(EGR)-CB18 S6.36 FA91 MR148-4.88/DANA4.88 SS SCAB 10X20TY SKD [SL]",180,Cargo,1618/2C,BS4,180
VFT01540_WH,STAGE III,"2518T BS3 150"" 6X4 HA6ETI3UN-180HP[IL] 6S-EATON FA91 SQR109-6.17 NRS DCAB 10X20TY 12FET [SKD] [KENYA]",80,Tipper,2518T,BS3,80
V6550420_WH,STAGE III,"2518H BS4 198"" 6X4 H6E4ED132-180HP(EGR)-CB18 6S850 FA90 SQR109-6.17 NRS SCAB 10X20TY [SKD] [SL]",60,Haulage,2518H,BS4,60
V6550419_WH,STAGE II,"2518H BS3 198"" 6X4 HA6ETI3UN-180HP(IL) 6S-EATON FA90 SQR109-6.17 NRS SCAB [SKD]",20,Haulage,2518H,BS3,20
VFT01626,STAGE II,"U2518T BS3 153"" 6X4 HA6ETI3UN-180HP(IL) 9S1110 FA99 MT149.7-6.83 BGS G91-DCAB 11R22.5TY 12FET [SKD] [KENYA]",8,U Truck,U2518,BS3,8
VFT01626_WH,STAGE II,"U2518T BS3 153"" 6X4 HA6ETI3UN-180HP(IL) 9S1110 FA99 MT149.7-6.83 BGS G91-DCAB 11R22.5TY 12FET [SKD] [KENYA]",16,U Truck,U2518,BS3,16
,0,Total IO Trucks SKD,1744,TOTAL TRUCK SKD,,,1856
,,Total IO SKD,10857,,,,11665
,0,Grand Total (Conveyor+SKD Kit),126433,,,,144406
,,SKD Content,10857,,,,11665
